Price,Close,High,Low,Open,Volume
Ticker,CBA.AX,CBA.AX,CBA.AX,CBA.AX,CBA.AX
Date,,,,,
2023-01-03,89.30782318115234,91.82664705157808,88.5654290840107,91.67640295504388,1709983
2023-01-04,91.15493774414062,91.28750881098115,89.31663603249142,89.70550936379844,2276220
2023-01-05,91.31402587890625,92.53366491572035,91.2168075416046,91.52613554990765,1693577
2023-01-06,91.19029998779297,91.53498075181612,90.60698993000285,90.92515782646196,2450188
2023-01-09,91.31402587890625,92.16689461198986,91.26983327364373,91.80895069219113,1048736
2023-01-10,91.31402587890625,91.95920150437678,90.6776901230572,90.86328692803903,1075679
2023-01-11,91.4996337890625,91.80896183490823,91.03122178494672,91.64987787663819,1092327
2023-01-12,92.9579086303711,93.10815272820622,91.72942949095003,92.18016852730153,2087584
2023-01-13,94.12451171875,94.619436571016,93.32025209097236,93.37328457003329,1929496
2023-01-16,94.87574005126953,95.08784974162363,93.97426881013054,94.29243671708441,1250653
2023-01-17,94.95528411865234,95.40601636171952,94.63711621598998,94.83155290571091,2328626
2023-01-18,95.14088439941406,95.45021244302139,94.45152283284754,95.06133904943181,1756089
2023-01-19,96.10421752929688,96.18376287618302,94.7696870584134,95.65348528737509,2196287
2023-01-20,96.03351593017578,96.46657516144904,95.78604676946017,96.0688619245757,3741095
2023-01-23,95.98933410644531,96.43123325738453,95.80373727219235,96.33401490475022,2377559
2023-01-24,95.49440002441406,95.92745926265862,94.8757372269337,95.8037280517316,1494747
2023-01-25,96.18376922607422,96.51077027695706,95.2646181981318,95.45905490019503,1620732
2023-01-27,97.0852279663086,97.17360643504946,96.2898082619509,96.77589995429308,2186238
2023-01-30,97.00569915771484,97.30618733032992,96.85103176467462,96.952666676842,1465480
2023-01-31,97.27082824707031,97.61550900745975,96.88196162215503,97.09407130327656,1745314
2023-02-01,97.35037994384766,97.93368329070351,96.86428820242976,97.65086811647281,2037070
2023-02-02,96.97918701171875,97.70390132249149,96.97918701171875,97.70390132249149,2267124
2023-02-03,98.23416900634766,98.48163141776845,97.04104281251449,97.1294212819012,2487251
2023-02-06,97.88065338134766,98.43744383546057,97.5624854810416,98.27835988530754,1325884
2023-02-07,97.48294830322266,98.13695711104191,97.1736135257901,97.97787315856205,1606239
2023-02-08,97.5006103515625,97.82761809017107,97.35036628632803,97.57131582091213,1486405
2023-02-09,97.40341186523438,97.74809266999512,96.85545448038204,97.40341186523438,1378411
2023-02-10,97.17361450195312,97.38573093595407,96.82893372525848,97.08523602587549,1516258
2023-02-13,96.5991439819336,97.12942154252174,96.36051469681966,97.0940688061032,1552187
2023-02-14,96.5549545288086,97.57132381978614,96.41354357851648,97.49177847453552,1712454
2023-02-15,91.03121185302734,93.81517744758698,90.2181191518462,92.01222836485165,7122390
2023-02-16,89.70552062988281,91.30519327355246,89.59062928704228,90.46558764952422,4756659
2023-02-17,89.23710632324219,90.6511821103671,88.95429116581721,89.44037613550488,4030572
2023-02-20,90.35070037841797,90.49210459575994,89.24595253762313,89.26362553622373,1597651
2023-02-21,89.72318267822266,90.33300554214945,89.44036754795196,90.1739216099444,1842679
2023-02-22,89.52464294433594,90.38198995265073,88.85681989421929,89.07340985109781,3345735
2023-02-23,90.15637969970703,90.77005702476156,89.75929234665085,89.75929234665085,2366921
2023-02-24,91.3476333618164,91.41080572282338,89.98490741978462,90.05710637101288,2873586
2023-02-27,91.50105285644531,91.82594125840238,90.90542870970475,91.23933681679817,1875413
2023-02-28,90.86933135986328,91.78984393010268,90.66176108726107,91.34763738358473,4181654
2023-03-01,89.38928985595703,90.58054509770356,89.38928985595703,90.201504018529,2589393
2023-03-02,87.6023941040039,89.88563249736336,87.6023941040039,89.57879729308344,3973674
2023-03-03,88.21607971191406,88.5454779793818,87.71070079357766,87.80997263614678,2835253
2023-03-06,88.98316955566406,89.55172769132078,88.53193643734399,88.6131619789825,1734529
2023-03-07,89.25391387939453,89.56977569117569,88.577064189033,89.20878781259532,2461272
2023-03-08,88.81170654296875,89.29001255153939,88.28827446800535,88.75755388624324,1862278
2023-03-09,89.09146881103516,89.56977481925786,88.82072618341765,89.17268746815779,2100981
2023-03-10,86.19454956054688,87.63849411807836,85.94186012363771,87.36775150123525,3399512
2023-03-13,85.84259796142578,87.2233703152972,85.62600108943971,86.63676583622677,2531902
2023-03-14,85.98698425292969,85.98698425292969,83.97448834649957,84.05570700506554,4703866
2023-03-15,86.09527587890625,87.51214752139802,85.40939964682285,86.81724469954139,3162252
2023-03-16,86.00503540039062,86.77213032710705,84.24522210175427,84.83182653463305,6488332
2023-03-17,87.0428695678711,87.20531377296527,86.04113145066891,86.84433277077491,6451777
2023-03-20,86.70895385742188,87.65653923307885,85.78843448076006,85.91477919751432,2079792
2023-03-21,87.10602569580078,88.00849180360558,86.86236287621227,87.4489672233394,2225019
2023-03-22,87.66556549072266,89.12756320297271,87.66556549072266,88.3514417256972,2889674
2023-03-23,87.56629180908203,87.90020677234057,87.04285977541315,87.331648675839,1900925
2023-03-24,86.49236297607422,87.34971005346974,86.05015643694584,86.6728603590754,2765386
2023-03-27,85.7974624633789,87.08798942140749,85.77038957867362,87.01579047201284,2040884
2023-03-28,86.69090270996094,87.16018899913847,86.18552383109667,86.27576907585517,1915223
2023-03-29,86.94359588623047,86.94359588623047,85.5989230913035,86.01405674325173,2120814
2023-03-30,88.21607971191406,88.3965702155281,87.54825658621647,88.04460891379077,2611402
2023-03-31,88.73048400878906,89.14561766964695,88.36047641585387,88.75755689543416,2549472
2023-04-03,89.58782196044922,90.24662535506044,88.9380520415205,88.97414463262396,2174951
2023-04-04,89.32611846923828,90.1202863440155,88.89293161055063,90.0210144990094,1577845
2023-04-05,89.39830017089844,89.87660615847699,89.04633890134929,89.06439208122248,1535460
2023-04-06,89.35319519042969,89.77735547633134,88.7350010590473,89.70515651590726,1780447
2023-04-11,90.03003692626953,90.3368721528094,89.73222140502466,89.98491085870955,1821000
2023-04-12,89.5517349243164,90.5715193753891,89.05537569996555,90.56249278441776,1656007
2023-04-13,88.64022827148438,89.78635727725043,88.6221750923426,89.56074073487149,1668839
2023-04-14,89.44343566894531,89.59685328769478,88.62218802986617,88.64024121164343,1352457
2023-04-17,90.01197814941406,90.67980810437464,89.85856054568154,90.24662129265077,2059296
2023-04-18,89.70513916015625,89.9036828202732,89.45244973283305,89.45244973283305,1848784
2023-04-19,89.67807006835938,89.94880580110852,89.40732745033942,89.68708977309478,982903
2023-04-20,91.07688903808594,91.42885031216831,90.02100521583884,90.2105222953239,2447545
2023-04-21,90.06613159179688,90.79712702737321,89.07341324067981,90.6978551922615,3084544
2023-04-24,90.34590911865234,90.95055993587486,90.28273674797643,90.65274438042903,1002073
2023-04-26,90.14735412597656,90.5173685973647,89.54270338447373,90.24662596536015,2063264
2023-04-27,89.43440246582031,90.24662345396014,89.15464013639973,90.21052397834605,1423491
2023-04-28,89.6690444946289,90.46321229240634,89.4975737089215,89.86758816539097,2869131
2023-05-01,90.64370727539062,90.78809828696083,89.86758579304757,90.21052047013865,1471474
2023-05-02,90.33686828613281,91.10396320491986,89.89466176111195,90.95957218839652,2179624
2023-05-03,88.70340728759766,89.24488565290606,88.37851889135842,89.16366699648174,2145783
2023-05-04,86.42017364501953,87.75581989517163,85.57185313122606,86.58261785222953,2992222
2023-05-05,86.75408172607422,87.06995043487042,85.16574601770034,86.27577569541212,2799731
2023-05-08,87.64752197265625,88.02655613348884,86.91651965074098,87.53922354730229,2193033
2023-05-09,87.8460693359375,88.24315672478004,86.14040852153178,87.17824617901552,2406124
2023-05-10,88.30632781982422,88.30632781982422,87.25947047151568,87.48508705096606,2373018
2023-05-11,88.75755310058594,89.21781280968801,88.33790960498624,89.19073992420041,2072546
2023-05-12,89.30805969238281,89.50660336995682,88.76658131689894,89.20878785359581,1916311
2023-05-15,88.89292907714844,89.11854564841023,88.59511355061774,88.92000196405644,1288706
2023-05-16,88.07168579101562,89.29002084405855,88.07168579101562,88.712442944,2441266
2023-05-17,87.66556549072266,87.80996338662072,86.64578117070747,87.63849260655944,2147154
2023-05-18,88.44168090820312,88.82071503105915,88.22509096446684,88.77559585563543,2118783
2023-05-19,90.06613159179688,90.12930395184333,89.04634035569859,89.16366537097835,3056096
2023-05-22,89.25391387939453,90.06613488488259,88.98317124914148,89.9668630461412,1376062
2023-05-23,89.74124145507812,90.18344796679783,89.05536521272765,89.25390887908732,2886469
2023-05-24,90.1834487915039,90.22857485618768,89.19975704061831,89.52464542758321,1818274
2023-05-25,88.18899536132812,89.9488016412599,88.16643232999147,89.70513880452722,2862243
2023-05-26,88.58609008789062,89.05536950669186,88.25217509788808,88.26120168823168,1923403
2023-05-29,89.85855865478516,89.96685707675489,89.20878189350802,89.6690415802911,1530222
2023-05-30,89.50660705566406,89.97588649766845,89.10049997864624,89.52465335197249,1617947
2023-05-31,87.34069061279297,89.34416697385005,87.34069061279297,89.2448951263907,11931674
2023-06-01,87.35873413085938,88.09875616669787,86.90750101424392,87.10603780192713,2109961
2023-06-02,87.4580078125,88.07167825418395,86.87140337146973,87.71971696662,2569521
2023-06-05,87.9904556274414,88.45071532321461,87.73776618984695,88.04460139684856,2085675
2023-06-06,87.14214324951172,87.71070142198501,86.99775222264027,87.43093218852604,2041599
2023-06-07,86.35699462890625,87.53922317154456,86.35699462890625,87.31360661697873,2178339
2023-06-08,86.53749084472656,86.61871639008588,86.02308534168854,86.28480138853543,2346149
2023-06-09,86.45626068115234,86.74504957627028,86.27576331840964,86.40210802969435,1579114
2023-06-13,87.10602569580078,87.17822463688996,86.5465011155346,86.61870005662377,1973419
2023-06-14,87.87313842773438,88.03558262294419,87.17823558173151,87.53922344722785,2971378
2023-06-15,88.43267059326172,88.66731375856496,87.90924537334568,88.125835356941,2837488
2023-06-16,89.66001892089844,89.66001892089844,88.49583665345446,88.71243350688889,6702838
2023-06-19,90.7068862915039,90.98664863057833,89.75026736789731,89.93979134272904,2771173
2023-06-20,91.70861053466797,92.02447230285689,90.57150128391766,90.96858858408098,2698905
2023-06-21,91.76276397705078,92.49375939963284,91.67702858595374,92.23204337401526,2594424
2023-06-22,90.31883239746094,91.6815516049828,90.21956054985714,91.6093595310387,2313609
2023-06-23,88.9019546508789,90.06613697150466,88.44169492289402,89.88563958539721,2750925
2023-06-26,88.3785171508789,88.8929226205821,87.98142981101299,88.78462419554481,2559460
2023-06-27,88.82975769042969,89.58782607328378,88.82975769042969,88.93805612452516,2139922
2023-06-28,89.83148956298828,90.19247743285644,89.01024198690645,89.07341434773807,2391541
2023-06-29,90.30979919433594,90.86933075938556,90.06613633141167,90.1563815811884,1593529
2023-06-30,90.49028015136719,90.51735992018864,89.84502014250094,90.39101520677049,2603014
2023-07-03,91.09494018554688,91.12201306983054,90.04807609144099,90.51736236992662,2147940
2023-07-04,92.30423736572266,92.41253578317716,90.6256497641648,91.194207849213,2188463
2023-07-05,91.85301971435547,92.40352471298382,91.51008499605892,92.15083524842095,2156097
2023-07-06,90.63468933105469,91.56422850350579,90.36394669128755,91.20324061224005,2182248
2023-07-07,89.10049438476562,89.72319140474755,88.81170546506172,89.55172750213242,2017705
2023-07-10,88.91097259521484,89.76831967038379,88.73048209795355,89.47050415315864,1152141
2023-07-11,89.90370178222656,89.90370178222656,89.10050726799973,89.31709726777713,1793004
2023-07-12,89.47953033447266,90.38199658719499,89.47953033447266,90.25565186263555,1765254
2023-07-13,90.80616760253906,91.0182477479156,89.98491991018362,90.37298072031177,3171603
2023-07-14,91.44690704345703,91.68154331177642,90.77907705902805,91.04079309855761,2083622
2023-07-17,91.93424224853516,91.97034172589949,91.32958460927182,91.55520117884538,1608226
2023-07-18,92.56596374511719,93.0442697598907,92.15083009295016,92.32230088514109,2084918
2023-07-19,94.44309997558594,94.44309997558594,93.170619183566,93.71209758825198,3567951
2023-07-20,94.98458862304688,95.86900872478125,94.48822934881755,95.21020522310162,3465003
2023-07-21,94.35284423828125,94.82212363412579,94.00990267471147,94.62357996790554,3354092
2023-07-24,94.24454498291016,95.02969305095476,94.1542997404991,95.02969305095476,1554919
2023-07-25,94.03697204589844,94.21746941084191,93.4142750713372,94.21746941084191,1520910
2023-07-26,94.75894927978516,95.4538452116512,93.55866760310961,93.7933107387258,1631244
2023-07-27,96.13972473144531,96.6451036082913,95.02969514333421,95.1199403877323,2544987
2023-07-28,95.21018981933594,95.74264160439071,94.59651249106112,95.21921640975395,1880770
2023-07-31,95.39971160888672,95.64338136528656,94.69578899754752,95.44483767793008,1265049
2023-08-01,95.52605438232422,95.84191620334066,94.61456151144426,94.95750310449465,1440788
2023-08-02,93.3691635131836,95.0748242865596,93.0352485001191,94.96653273604146,2074443
2023-08-03,92.4666976928711,93.2608655703788,92.10570979026885,92.91793084980601,2890772
2023-08-04,91.93424224853516,93.08939798310843,91.78081774841895,92.68328402671322,2687798
2023-08-07,91.91618347167969,92.25009845301865,91.59129508045012,92.1327734374091,2771020
2023-08-08,92.24107360839844,92.57498859605612,91.98838416272064,92.41254439736738,3241229
2023-08-09,94.62358093261719,94.95749590968929,93.45037898840938,94.58748145791176,2635786
2023-08-10,94.28065490722656,94.47919859370036,93.06232678645814,93.69405043862803,2461857
2023-08-11,94.21748352050781,94.75896192588716,93.87454191839277,94.1362579728016,1734661
2023-08-14,93.58575439453125,93.97381518656617,93.32404522142843,93.52258202770099,2624230
2023-08-15,93.41429138183594,94.0279687592533,93.26989346466871,93.85649795393513,1631886
2023-08-16,92.19474792480469,92.83223264841742,91.9083450135947,92.40723813354009,4423573
2023-08-17,92.0654067993164,92.29637871449346,91.1599937903928,92.29637871449346,3049916
2023-08-18,91.51107788085938,91.88986816581279,91.04913403905535,91.65889624491078,2430138
2023-08-21,90.95674133300781,92.00073894618242,90.83663846942564,91.39096968021809,2651338
2023-08-22,91.15998840332031,91.15998840332031,90.25458249660487,90.62413190008698,3070402
2023-08-23,91.88062286376953,92.24093847902327,90.54098860692392,90.72576331521184,3375196
2023-08-24,92.95234680175781,93.16483703632137,92.01921820352827,92.48116207708885,2630712
2023-08-25,91.99148559570312,92.63820407896736,91.80671090011414,92.61048857949929,2301999
2023-08-28,93.1093978881836,93.1371133903819,92.14855386932255,92.20399192242267,1652565
2023-08-29,93.34036254882812,93.72839364684724,92.83222860105157,93.67296264675963,1519428
2023-08-30,94.08871459960938,94.66614437906112,93.77459618296523,93.89469903955798,1810483
2023-08-31,94.40284729003906,94.65229387242404,93.87623157282289,94.07948799853858,3576801
2023-09-01,93.63601684570312,94.23654525954885,93.49743228116893,93.95937613048044,1596631
2023-09-04,94.24578094482422,94.4859866582345,93.83926812412471,93.95013717941642,1425483
2023-09-05,94.4397964477539,94.50446830112564,94.00556812567079,94.32892739252948,1274211
2023-09-06,93.7838363647461,95.32672703275735,93.5851968567045,94.92945506537747,2000414
2023-09-07,93.22026062011719,93.66372272260543,92.67516326862588,93.31264797074365,1721897
2023-09-08,93.13711547851562,93.74688473536335,92.52735327037158,93.5251536641022,1271405
2023-09-11,94.27349090576172,94.40283460498179,92.89690036480351,93.1278722632255,1707461
2023-09-12,94.33817291259766,94.781635058041,93.423526070005,94.60610118945888,1303827
2023-09-13,93.9593734741211,94.37512715596979,93.32189577321212,94.37512715596979,1281734
2023-09-14,94.35664367675781,94.66152829462617,93.45123772204401,93.46971237371629,2242700
2023-09-15,95.3082504272461,95.6870406867749,94.8647812674505,95.16042502441317,4199986
2023-09-18,94.81858825683594,94.97565451646233,94.17186971262194,94.79087275475584,886664
2023-09-19,94.35664367675781,94.59685644071804,93.71916598786439,94.5321845868099,1806193
2023-09-20,94.08871459960938,94.68924297997987,93.71916517972294,94.48598656982031,2498953
2023-09-21,92.46268463134766,94.12567829672348,92.15779999231572,93.9316627215315,2447271
2023-09-22,92.44420623779297,92.44420623779297,90.63338708916395,91.00294359981774,3396755
2023-09-25,92.27789306640625,92.38876211848157,91.48334914829105,92.38876211848157,1014251
2023-09-26,92.46268463134766,92.73061291576627,91.70509698353442,92.11160278687309,1292290
2023-09-27,92.87841796875,92.92461516756894,92.25941497731243,92.38875867556199,1346621
2023-09-28,92.34256744384766,93.0724395303927,91.98225182562588,92.84146761877858,1422062
2023-09-29,92.36104583740234,92.4626740387704,91.982248532539,92.370286687173,2444569
2023-10-02,92.25018310546875,92.36105216420209,91.38173348252012,91.79748011753888,1131578
2023-10-03,92.10237121582031,92.2501895891504,91.00294254772945,91.15076796976362,2702099
2023-10-04,90.62413024902344,91.59421503724782,90.17142730391343,91.46487133864495,2543630
2023-10-05,91.44640350341797,91.81595292770834,90.72576520916346,90.8181596139395,1726498
2023-10-06,92.42572784423828,92.99391681526345,91.3724964131509,91.51108098012637,2408410
2023-10-09,92.41647338867188,92.90613267769164,92.11158879594917,92.36104238952333,1108229
2023-10-10,93.03548431396484,93.4881943413192,92.65669403962119,93.30341258055105,2252750
2023-10-11,92.98005676269531,93.31265689572488,92.68441298319166,93.21102868570453,1577672
2023-10-12,93.86697387695312,94.43978669674739,92.95232717407582,93.46970194763023,2162969
2023-10-13,93.2849349975586,93.52514775465731,92.85994753420131,92.9430940374067,1473078
2023-10-16,93.00776672363281,93.15559212892806,92.61973560778773,92.85070751703408,1448174
2023-10-17,93.49742889404297,93.7838388633589,93.23874147559258,93.63601345355667,1210306
2023-10-18,93.70069122314453,93.99633501270837,93.31266007097398,93.47896014314765,1652838
2023-10-19,92.18550872802734,92.92462166862171,91.76976210438264,92.47191164437355,2642789
2023-10-20,91.2339096069336,92.18551280212978,90.83663761732993,91.54802803891133,2641664
2023-10-23,90.37469482421875,91.09532610475583,90.19915390506604,90.81816402308206,1348775
2023-10-24,90.60565948486328,91.13227515139157,90.55946228393668,90.8920623942391,1686722
2023-10-25,89.94046020507812,91.04912960058446,89.72796999548079,90.72576328812221,1662864
2023-10-26,89.61709594726562,89.84806784403693,89.06276480475508,89.60785509775796,2289128
2023-10-27,90.35621643066406,90.79967856246338,90.12524451448006,90.12524451448006,2273929
2023-10-30,88.89647674560547,89.41847555828969,88.83180488773604,89.35842060144527,2033713
2023-10-31,89.21058654785156,89.8111149120478,88.92418364054235,89.70024585984594,2533920
2023-11-01,89.49700164794922,89.58938900574275,88.9703859549522,89.52471715041692,2162550
2023-11-02,90.93826293945312,91.47411947561369,90.59642196665341,90.79043753001429,2307420
2023-11-03,92.32408905029297,92.37952005124858,91.6496479942865,92.01920444763101,2507791
2023-11-06,92.77678680419922,93.5528560175882,92.15778383255143,92.2409303293238,2282526
2023-11-07,92.39800262451172,92.98004928615919,91.91757711600954,92.97080843634484,1806507
2023-11-08,93.02625274658203,93.36808667698158,92.58278355879155,92.92462453789472,1432581
2023-11-09,94.33817291259766,95.16043239561492,93.40504436886769,93.58982613672218,3152761
2023-11-10,93.60829162597656,94.12566642791664,93.32188872471731,94.0055635770957,1407582
2023-11-13,93.59906005859375,94.08871940880447,93.1925542662001,93.52515440006091,1472779
2023-11-14,94.49522399902344,94.82782410384317,93.88546183932267,94.55989585003266,2049690
2023-11-15,94.3751220703125,95.75171265452438,94.16262481565812,95.43759424617802,3169156
2023-11-16,94.50446319580078,95.04955349495805,94.0979503973086,94.975647844171,1993737
2023-11-17,94.67076873779297,94.87402514883134,94.1164375568632,94.58761518386663,2729262
2023-11-20,95.31748962402344,95.45607418484836,94.88326128950038,94.9756556958527,1627761
2023-11-21,95.8071517944336,95.9549772100026,95.39140514837739,95.64085172627036,1970123
2023-11-22,95.8995361328125,96.3707137358754,95.51149798204483,95.52997968140203,1292108
2023-11-23,95.12347412109375,95.89030258262099,94.99413041055948,95.65933066399496,2421800
2023-11-24,95.79791259765625,96.13051271525245,95.16042786414631,95.25281521932229,1275404
2023-11-27,94.80010986328125,96.10278775055409,94.80010986328125,96.10278775055409,1288697
2023-11-28,95.47454071044922,95.95496620725636,94.55989396478192,94.69847851381101,1397249
2023-11-29,95.4653091430664,96.1305093550067,95.34519924170304,95.89029660098312,1277217
2023-11-30,96.694091796875,96.694091796875,95.39140673317007,95.66857586761483,5016298
2023-12-01,96.2598648071289,96.69409316785394,95.85335195050054,96.68485231692038,1781950
2023-12-04,97.11907196044922,97.54405943209474,96.62940558677826,96.96200570349274,2121950
2023-12-05,96.74027252197266,96.99895992959212,96.46311046325316,96.99895992959212,1417376
2023-12-06,98.2462158203125,98.59729766171996,97.22994074778828,97.46091267557578,3135300
2023-12-07,98.18152618408203,98.43097976819642,97.65491056603256,97.91360499922223,1747083
2023-12-08,98.3386001586914,98.3386001586914,97.21145613873628,97.71959009860412,1434178
2023-12-11,98.80055236816406,99.27635396723745,98.52338324015653,98.55109874321654,1395078
2023-12-12,99.23477935791016,99.44726957760514,98.5326227455929,98.6065354518797,1406122
2023-12-13,99.91844940185547,100.14018046121076,99.41493233112445,99.59509013848249,1727766
2023-12-14,101.18417358398438,101.18417358398438,100.36191412916244,100.6298423968364,2593767
2023-12-15,101.69231414794922,102.08958612250075,101.18417311699838,101.62764229389215,7159356
2023-12-18,101.62763977050781,101.74774262543069,100.83309584113304,101.16569595336914,1300270
2023-12-19,102.18197631835938,102.44990459224313,101.30428583909132,101.95100439763583,1966065
2023-12-20,102.52381896972656,102.6901190373064,102.22817518832949,102.36675975276331,2090455
2023-12-21,102.14501953125,102.4221886544222,101.6368855370391,102.3020857936895,2830850
2023-12-22,102.0895767211914,102.39446131168543,101.775458330042,101.80317382941368,3097447
2023-12-27,102.7270736694336,103.33683587453795,102.32980168402331,102.66240181360884,1017160
2023-12-28,103.74334716796875,103.74334716796875,103.06890606836349,103.29987798554694,1735707
2023-12-29,103.2906494140625,103.81726512995792,102.94880842178854,103.614008704752,2170375
2024-01-02,104.96287536621094,104.96287536621094,103.281400143008,103.33683114583451,1628690
2024-01-03,103.59552001953125,104.38083016374239,103.4938918137793,104.0297483443435,1207784
2024-01-04,103.00424194335938,103.77568735880013,102.49610791664541,103.75259580431172,1380616
2024-01-05,104.39006042480469,104.6210323302796,103.3830263003116,103.47541365276092,1502441
2024-01-08,103.4569320678711,104.60255066860822,103.35530387237719,104.17756323686223,1784232
2024-01-09,104.41777801513672,104.67647247535594,104.06670324932277,104.65799077527433,1510571
2024-01-10,103.51238250732422,104.67648302517291,103.51238250732422,104.37159838142854,1415900
2024-01-11,104.9536361694336,105.0090742218367,103.69714839508242,103.9373611589534,1667803
2024-01-12,104.9813461303711,105.1384123804026,104.21452477441912,104.39929947613459,1678657
2024-01-15,105.07374572753906,105.13841758120886,104.53788919787307,104.86124846622207,207240
2024-01-16,104.39930725097656,105.00907649971396,104.21453253550051,104.86125108837027,1896379
2024-01-17,103.78030395507812,104.39006615366964,103.20749106053157,104.23300694101614,2189913
2024-01-18,103.91888427734375,104.31615624230791,102.89336843868517,102.89336843868517,2131509
2024-01-19,104.65799713134766,105.23081004070892,104.13138142629272,104.51017876523413,4107588
2024-01-22,106.06230163574219,106.10849178753783,104.9074421103038,105.32318871998037,2353571
2024-01-23,106.85684967041016,107.15249343836562,105.97915216803679,106.15469307825215,2197384
2024-01-24,105.96990966796875,107.17096642148395,105.81285046059159,107.17096642148395,1509853
2024-01-25,106.11773681640625,106.37642423249932,105.3231928677184,106.24708052445278,1967920
2024-01-29,107.09705352783203,107.17096623071443,106.24707859079447,107.17096623071443,2017654
2024-01-30,107.21717071533203,108.03943020681967,106.95847623767084,107.28184257257138,1982285
2024-01-31,108.58451080322266,109.24047016729081,106.43647490714525,107.17096387303462,4128431
2024-02-01,105.41557312011719,107.91007385442762,105.41557312011719,107.77148930551544,2593915
2024-02-02,106.99542999267578,107.28183996666775,105.72046753148186,106.07154231243867,2545023
2024-02-05,106.69054412841797,106.69054412841797,105.29547186597999,106.26554962565959,1142496
2024-02-06,105.6650390625,106.83837334313475,105.46178264017655,106.54272956031076,1997385
2024-02-07,105.83133697509766,106.83837116683664,105.52645234782298,106.17317090685685,1737069
2024-02-08,107.05086517333984,107.17096803101379,105.72970554411283,106.3764240834393,1366549
2024-02-09,107.39269256591797,107.8638772151843,107.18020236535874,107.42040806610369,2086972
2024-02-12,106.92152404785156,107.89160188027067,106.75522398390778,107.63291445829225,1005660
2024-02-13,107.17096710205078,108.78777048505586,107.17096710205078,108.33506751145137,1758908
2024-02-14,105.38786315917969,105.38786315917969,103.06890320152215,104.54712906934257,2740465
2024-02-15,105.47101593017578,106.40413736765555,104.63951564786927,104.86124670691657,2315896
2024-02-16,107.42965698242188,107.42965698242188,106.04382547945212,106.9399976458318,3844462
2024-02-19,108.21495819091797,108.36278359868348,106.81989291082381,107.04162397376868,1386827
2024-02-20,108.04865264892578,108.83396275260088,107.22639324388759,108.46440630064254,1772794
2024-02-21,107.8792495727539,109.14044130105536,107.38982652840325,107.58747565683647,3281940
2024-02-22,107.71924591064453,108.2369035389859,106.64628935436731,108.2369035389859,1691941
2024-02-23,108.076904296875,109.06514999020759,107.83219276202972,108.54749953580865,1576082
2024-02-26,109.10279083251953,109.16867387412911,108.30278041848523,108.53807802147843,1623264
2024-02-27,110.23222351074219,110.23222351074219,108.74043757113665,109.36632287536386,2199043
2024-02-28,109.14043426513672,110.40163309284601,108.8674881965973,110.35457070213786,1605950
2024-02-29,109.56398010253906,109.89339531298634,108.4533751210932,109.34750314669483,4036090
2024-03-01,110.45811462402344,110.45811462402344,109.36633022723414,109.88398786031759,1547236
2024-03-04,111.17341613769531,111.578128309682,110.45810940054632,110.63693788001184,1657258
2024-03-05,110.06280517578125,111.71929507207135,109.90279735407107,111.62517747035007,1985735
2024-03-06,111.35223388671875,111.44635867125571,109.81809612031894,110.11927676098372,1499396
2024-03-07,112.2369613647461,112.3499068040064,111.42753700183049,111.5310685259741,2404787
2024-03-08,114.30757904052734,114.39228991630277,112.02048592457807,112.5099089873145,3693739
2024-03-11,111.18282318115234,113.15932883352815,110.99458796697995,112.93343795966551,1620096
2024-03-12,110.81575775146484,113.0181470624972,110.59928797662818,112.0204803370118,1912342
2024-03-13,110.63693237304688,111.26752820616676,109.94986023407299,111.06987908745961,1749751
2024-03-14,109.38514709472656,110.64633875697936,108.5568949648051,110.62751810889603,1972503
2024-03-15,108.7451400756836,108.7451400756836,107.29570599269324,108.23689639613792,5370902
2024-03-18,109.61103820800781,109.70515581623208,108.49101928221346,108.6133786355469,1471598
2024-03-19,108.97102355957031,109.59221267143256,108.5474907510918,109.58279875681598,1817662
2024-03-20,108.84867858886719,109.99693210376769,108.84867858886719,109.46045382655997,2011037
2024-03-21,111.06047058105469,111.10753297477258,109.68633341690688,110.21339775912436,3579903
2024-03-22,110.57105255126953,111.38988361249804,109.70515191653223,111.3428284004152,3825604
2024-03-25,111.80400848388672,111.992243691612,110.5804580915337,111.29576480617298,1974708
2024-03-26,111.62517547607422,112.45813095688717,111.59694091413354,111.90753545690617,1676353
2024-03-27,112.9428482055664,113.12167667972001,111.54047651761357,111.78518085194567,2340622
2024-03-28,113.26284790039062,113.46991093476561,112.37813381812404,113.46991093476561,2679602
2024-04-02,113.00873565673828,113.50756544019947,112.28402217865023,112.378139786352,2314881
2024-04-03,110.88163757324219,112.87696378555175,110.72163693027694,112.59460379620252,2016061
2024-04-04,111.38988494873047,112.06754320112667,111.03223517361604,111.6251825541062,1282364
2024-04-05,111.0981216430664,111.22047381657943,109.77103966106694,110.18516575713144,1387617
2024-04-08,111.23930358886719,112.02048621910907,110.77811508993884,111.79460251763632,1168997
2024-04-09,112.14283752441406,112.14283752441406,111.5122416801885,111.7381253654444,949230
2024-04-10,111.25812530517578,112.19931578116649,111.04165551689746,112.14284665043536,1720573
2024-04-11,109.94044494628906,110.10985950030928,109.27220064451834,109.49808432297442,1787099
2024-04-12,109.40396881103516,109.82750879452938,109.18749904275586,109.52632815726614,1381123
2024-04-15,107.8980712890625,108.5192604251796,107.57335943888431,108.4251356367644,2434316
2024-04-16,105.6015625,107.0509966118934,105.06508424656718,106.90040987831013,3022718
2024-04-17,105.35685729980469,106.1662816307536,105.35685729980469,105.56392033991436,1405392
2024-04-18,106.10039520263672,106.50510735519427,105.15920481815057,105.15920481815057,1583905
2024-04-19,105.28156280517578,105.89333802506566,103.47447889040123,105.08391367518918,3479032
2024-04-22,106.24156951904297,106.99452470957121,105.78038823471869,106.43921864089624,1916178
2024-04-23,107.84159851074219,107.84159851074219,107.01334635728448,107.29570635154741,1197831
2024-04-24,108.23689270019531,109.03690307966292,108.23689270019531,108.70748788584834,1600191
2024-04-26,106.34510040283203,107.8227690313402,106.1380373676364,107.71923751374239,1672386
2024-04-29,107.14511108398438,107.48394020052731,106.97570370642575,107.29570499387583,1374832
2024-04-30,107.80393981933594,107.80393981933594,106.74980407876558,106.9662810112863,1315376
2024-05-01,107.22041320800781,107.39924168944701,106.35451972652585,106.91923255441786,1092138
2024-05-02,108.23689270019531,109.02748916535032,107.31452297680181,107.9451259829185,1545052
2024-05-03,108.45337677001953,108.95220655066863,107.99218828766838,108.95220655066863,1212181
2024-05-06,109.7333755493164,109.7333755493164,108.97101369081182,109.18749062311097,1426516
2024-05-07,112.00166320800781,112.00166320800781,110.01575079011465,110.65576058138895,2692665
2024-05-08,112.6981430053711,112.84873692482566,111.49342037258786,112.47225930690257,2104415
2024-05-09,110.2039794921875,112.6604869884193,110.2039794921875,112.6604869884193,1837558
2024-05-10,110.62752532958984,111.3898872891974,110.35457923993341,110.78752598123606,1483110
2024-05-13,112.1146011352539,112.1146011352539,110.17574406118884,110.62751860505517,1751999
2024-05-14,112.312255859375,112.312255859375,111.56401119006935,111.7193012921634,1472592
2024-05-15,112.87696838378906,113.00873446932967,112.26519316908592,112.47225621228203,1820801
2024-05-16,115.06993865966797,115.34288473342801,113.13108158066777,113.88403676212396,3208604
2024-05-17,113.92168426513672,114.62757704894858,113.262846691818,114.35463097752246,3747916
2024-05-20,114.60875701904297,114.69346789283539,113.83698114345293,113.8840435378613,1224873
2024-05-21,114.6275863647461,114.6275863647461,113.80874808392066,114.5334687553981,1554701
2024-05-22,114.35462951660156,115.15463989189206,114.16639431560826,114.89110773821638,1428336
2024-05-23,113.62992858886719,113.88404685622254,113.15933335392411,113.62051467356856,1535204
2024-05-24,111.87931060791016,112.47225800227964,111.13576929583293,112.02048342986964,1902826
2024-05-27,113.0369644165039,113.25344136574368,112.68872856781807,112.68872856781807,1111552
2024-05-28,113.23462677001953,113.2534546012213,112.48167867836229,113.02756371108185,1699877
2024-05-29,111.3804702758789,112.46284068938347,110.9569374613703,112.35930916926571,1768394
2024-05-30,111.0510482788086,111.45576041979119,109.78044273223476,110.21338943503038,1327847
2024-05-31,112.50989532470703,112.50989532470703,111.55929106040458,111.81341647615784,3397759
2024-06-03,114.15699005126953,114.15699005126953,113.14991656132884,113.26285481918667,1686338
2024-06-04,115.2581787109375,115.28641327480454,113.93110394419462,114.02522155065581,2230997
2024-06-05,116.20878601074219,116.66055340554402,115.5970107820978,115.92642600345607,2389848
2024-06-06,117.50762176513672,118.56175761399342,116.90526047456518,117.17820655634182,2636419
2024-06-07,118.16646575927734,118.16646575927734,116.78291462674012,117.64880813121465,1414714
2024-06-11,117.58291625976562,117.67703386306317,116.44407674422577,116.75467129774924,2514626
2024-06-12,116.80172729492188,117.26761912834175,116.14289688669338,117.03702489510533,1809137
2024-06-13,118.10057830810547,118.29822743670684,117.55468613537042,117.95939830747218,2582193
2024-06-14,117.94056701660156,118.21351309495924,117.50762029322098,117.98762940900261,1597350
2024-06-17,118.1099853515625,118.2135168735838,117.4229203571082,117.63939013536137,1531082
2024-06-18,120.45355224609375,120.4629589801128,118.7782272787259,119.13588423141378,2236320
2024-06-19,119.47471618652344,120.35943031305533,119.31470835513797,120.27472662059816,2012104
2024-06-20,120.23707580566406,120.32177949647571,119.0888223476861,119.20176778281466,3548847
2024-06-21,120.17119598388672,120.7076742488754,118.49587814517511,120.47237663825382,7145883
2024-06-24,119.34294891357422,120.46296063785914,119.34294891357422,120.09589694610086,1767854
2024-06-25,121.06532287597656,121.11237090571994,120.01118706792411,120.57589985838649,2092832
2024-06-26,119.43706512451172,120.55707683571008,119.18765023894183,120.13354402115709,1900389
2024-06-27,118.77822875976562,118.77822875976562,117.03702790970148,117.6488031220789,2021794
2024-06-28,119.88883209228516,120.10530904655305,118.84411016053616,119.53118232079143,2190551
2024-07-01,118.77822875976562,119.08882332337905,118.05351529204738,119.00411963187344,1585105
2024-07-02,118.26998901367188,118.7782255102274,118.02527749927312,118.4017550951067,1457744
2024-07-03,118.0064468383789,119.00411352050459,117.46056187726792,118.80646440309519,1441307
2024-07-04,120.34061431884766,120.34061431884766,118.7688279540511,119.07000861784873,1394064
2024-07-05,119.62530517578125,120.33119801574146,119.20177234409044,120.07707975286964,1084617
2024-07-08,119.03235626220703,119.69118669884328,118.67469929885033,119.43706843920164,1027669
2024-07-09,121.12179565429688,121.38532781908093,119.51236092161176,120.00177677325172,1781761
2024-07-10,120.98060607910156,120.98060607910156,119.77589071283916,120.47236958892555,1246766
2024-07-11,122.27944946289062,122.63710639422077,121.69591603718366,122.5147470521499,1598054
2024-07-12,123.91712951660156,124.08653689239098,122.25121851421106,123.10770521117021,1965561
2024-07-15,124.88655853271484,125.46068526063695,124.14301006205822,124.94302765981767,1364623
2024-07-16,124.6512680053711,125.25362933104107,124.25596973178394,124.64184690936843,1732649
2024-07-17,125.64892578125,126.35481862271769,124.2371400983146,124.70773532595973,1919380
2024-07-18,124.85832214355469,126.11951383516414,124.15242934223848,125.40421429994366,2061262
2024-07-19,123.88890838623047,123.88890838623047,122.73123374711663,123.16418769011831,4022762
2024-07-22,123.93594360351562,123.93594360351562,122.52415801917859,122.8347525711038,1192662
2024-07-23,125.31008911132812,125.47008975573969,124.33125741568506,124.79243151974613,1351942
2024-07-24,124.97126007080078,125.27244789206274,124.49125813726852,124.80185269241025,1130255
2024-07-25,124.80184936523438,124.80184936523438,123.48417422448073,123.62536139746793,1796200
2024-07-26,125.31008911132812,125.61127693240338,124.73596239365095,125.51715214796091,1901929
2024-07-29,126.96658325195312,126.96658325195312,125.9312823958943,125.95951695987787,1391737
2024-07-30,127.95484161376953,127.95484161376953,125.45127151507485,125.65833456753391,1937077
2024-07-31,129.40428161621094,129.44192291561248,127.62543221988378,128.32190396951265,2235562
2024-08-01,128.2560272216797,130.1101735654639,128.2560272216797,130.08193900075057,1586163
2024-08-02,124.67009735107422,126.35482199193885,123.91714209447932,125.64892913164869,3839143
2024-08-05,117.54527282714844,123.08888391363666,117.54527282714844,122.91947652885811,3591234
2024-08-06,120.18060302734375,120.86766798987507,118.11939377832418,118.11939377832418,2570052
2024-08-07,119.85118103027344,120.67002643680779,119.27706149760212,119.41823431178442,1843515
2024-08-08,121.51709747314453,121.51709747314453,119.49353660448561,119.86060029918268,1663083
2024-08-09,121.93122100830078,122.57122359634846,121.30062515427993,122.35475382232363,1941651
2024-08-12,122.85359191894531,123.33359389251206,122.49593494172287,123.0135925768009,886756
2024-08-13,124.72654724121094,124.72654724121094,122.57121333121701,122.75944852597101,1465262
2024-08-14,126.31716918945312,126.67481177366325,124.9053835974284,126.59010808488394,1734568
2024-08-15,126.96658325195312,128.08660216138892,126.06304848162638,126.11951760959352,2248327
2024-08-16,130.0066375732422,130.0066375732422,128.51013388773114,128.9807290986831,4427410
2024-08-19,131.06077575683594,131.06077575683594,129.2913330396507,129.62075545578273,1937287
2024-08-20,131.39019775390625,133.02786001027374,130.84900173464015,132.0019658259978,1651316
2024-08-21,130.36474609375,132.60728840931932,130.00056730593266,132.46354132113092,3533301
2024-08-22,130.77682495117188,131.28475074755394,130.31680509447276,131.24640844784432,1565951
2024-08-23,131.10269165039062,131.10269165039062,130.19225923667872,130.7193416813025,1738992
2024-08-26,133.02896118164062,133.48896647037492,131.46684130486435,131.7830995106518,1888745
2024-08-27,131.70643615722656,132.72230254665317,131.10268375514426,132.57854083316295,2163558
2024-08-28,132.79898071289062,132.79898071289062,130.5276741849761,131.24643892676926,2608279
2024-08-29,133.01939392089844,133.5273198204,132.28145804635048,132.58813801307898,2115830
2024-08-30,133.6902313232422,134.0544101095301,133.21105486688649,133.64231075294563,4322628
2024-09-02,135.86569213867188,135.9615186528631,132.894792355959,133.5464799196599,1751323
2024-09-03,137.4086456298828,137.4086456298828,135.55901689984483,135.74110629342061,1892624
2024-09-04,134.11192321777344,135.6740433112033,133.2541931750852,135.60695158098673,2211376
2024-09-05,135.4631805419922,135.94235696467584,134.4952348092567,134.77316532346342,1585378
2024-09-06,137.49488830566406,138.24240237916715,135.51109083292596,135.87526960530596,2666532
2024-09-09,136.9965362548828,137.04445682178897,134.64857470951992,135.0031605826785,1988596
2024-09-10,137.7823944091797,139.19117427948598,137.22654799706595,138.06031030358452,2029126
2024-09-11,135.17567443847656,137.51405776717164,134.92649333483592,137.4277948956707,2649391
2024-09-12,137.00613403320312,137.11155343483847,135.76027236568666,136.04778115408345,1811911
2024-09-13,135.75067138671875,137.60029993729307,135.07024907215006,137.42778882521554,1991893
2024-09-16,137.03488159179688,137.15945752054643,135.94235990934502,136.13402755790943,1751879
2024-09-17,137.08279418945312,138.00281941983957,137.07321592471652,138.00281941983957,1556054
2024-09-18,137.3511505126953,137.7632352581069,136.431125255152,136.7090411737662,1505418
2024-09-19,138.02198791503906,138.961169656815,137.21696037021218,138.48199320972253,3443075
2024-09-20,138.48199462890625,138.79825284202488,137.59073344736672,138.48199462890625,6443818
2024-09-23,136.45986938476562,137.80155760074027,136.3831993976664,137.57156226274736,1459099
2024-09-24,132.31021118164062,136.93905786841052,132.31021118164062,136.57487905351783,3339377
2024-09-25,129.27223205566406,132.67438803743931,128.89847498080067,132.25271038922298,3752515
2024-09-26,128.7547149658203,130.80558953912637,127.8634391854583,130.32641310028566,2993957
2024-09-27,128.57264709472656,128.8984836180708,127.46095406099194,128.70681593512165,2154557
2024-09-30,129.7513885498047,130.44140375450914,128.72595862992398,128.8984551194483,3416736
2024-10-01,127.7867660522461,129.37763529959707,127.1542496589662,129.37763529959707,1744679
2024-10-02,128.6013946533203,128.6013946533203,126.5984403423952,126.65593918411642,2344849
2024-10-03,129.00389099121094,129.76098338632255,128.65888334479547,129.76098338632255,1851459
2024-10-04,127.21177673339844,127.94011971608124,127.00093791306554,127.55678438273358,1502412
2024-10-07,129.1572265625,129.4543136266821,127.58552836545195,128.24679421711147,934904
2024-10-08,129.34889221191406,130.3647439471988,127.94969054226401,128.77387462201847,1587040
2024-10-09,129.98141479492188,130.8870507251178,129.95266537639537,130.79600602534873,1218703
2024-10-10,130.51808166503906,131.24642459278715,130.16349577727155,130.96850869056755,1622621
2024-10-11,129.99098205566406,130.4030813918337,129.2626391424743,130.22099200771018,1423248
2024-10-14,131.12185668945312,131.48602086397048,130.3647496753801,131.19851205638963,1020864
2024-10-15,133.4889678955078,133.87231782629942,132.20477852979127,132.6456272943755,1849572
2024-10-16,133.9777374267578,134.42816445653625,132.6360346019672,133.11521104868427,1708261
2024-10-17,136.08612060546875,136.08612060546875,134.50484406747395,135.41527645672264,3271793
2024-10-18,136.90072631835938,136.90072631835938,135.56861628759708,135.9902793068301,3075255
2024-10-21,138.43408203125,138.43408203125,137.14031431031833,137.5236496446746,1753172
2024-10-22,135.34817504882812,137.92614667196423,135.13733624240257,137.1498831679904,1577016
2024-10-23,135.87527465820312,136.0190217456438,134.7156758240351,134.8019240764995,741238
2024-10-24,137.45655822753906,138.00282643469646,135.47277520165926,135.85611053687782,1337219
2024-10-25,138.02198791503906,138.16573499984494,136.88154563123024,137.78239969149283,1271615
2024-10-28,136.91030883789062,138.11782834179613,136.3065417742848,138.0028306623688,1013407
2024-10-29,138.16574096679688,138.46282803709573,137.034891522007,137.42780511188,1941541
2024-10-30,136.9773712158203,138.0028158248159,135.89444239659767,138.0028158248159,1231647
2024-10-31,136.8048858642578,137.66739768413223,135.75069175258398,136.30653822752964,2175927
2024-11-01,136.17236328125,136.29695384066267,134.55274450210584,135.75068565551956,1495906
2024-11-04,138.3382568359375,138.4245050934989,135.15651796170698,136.9390550678384,1396336
2024-11-05,137.8590850830078,138.38616753506508,136.85281150700578,138.33826158364627,1165546
2024-11-06,139.4020233154297,139.53619214039276,138.30950156264336,138.48199807046507,1384689
2024-11-07,141.12704467773438,141.12704467773438,137.90697830572125,139.9099470072304,1775473
2024-11-08,143.10125732421875,143.49417088653928,141.27079983603872,142.22915270440888,1953987
2024-11-11,143.5516815185547,144.08357500833887,142.66042029689672,143.08209793336928,2056899
2024-11-12,143.99252319335938,144.56754078255491,142.55499384367525,144.32795255760757,1574831
2024-11-13,143.38876342773438,143.38876342773438,141.50080694994875,141.8841569032054,1812592
2024-11-14,146.4746551513672,146.4746551513672,144.16502113030506,144.6058699028479,1822727
2024-11-15,148.66929626464844,148.49200331047373,146.17757277127617,147.58635276296894,2493400
2024-11-18,146.6471710205078,147.48093339911836,145.7175674985443,146.99217866395102,2012422
2024-11-19,149.12930297851562,150.72975064854566,146.07215473148304,146.62800119669853,2361297
2024-11-20,149.8672332763672,150.3559879978095,148.67887039936602,149.12929743852666,1749644
2024-11-21,149.73306274414062,150.50932625540136,148.42970221186806,150.1451474730105,1859501
2024-11-22,152.40687561035156,152.53146617914757,150.11641253745373,150.4709984661117,3988790
2024-11-25,153.4706268310547,153.5952173826494,151.7455887537226,153.33645801522354,3945712
2024-11-26,148.02719116210938,153.33645964299416,147.68218354298045,153.33645964299416,2006021
2024-11-27,151.00767517089844,151.22809224585262,149.4024311206798,149.50305408178642,1932684
2024-11-28,151.97561645507812,152.8093788634576,151.45809765978296,151.92769588169068,1379244
2024-11-29,151.97561645507812,151.97561645507812,149.99181877862316,150.46141700053084,2141565
2024-12-02,151.6018524169922,152.8572924162305,151.0172565444493,152.8572924162305,1160349
2024-12-03,151.20892333984375,152.56020447371566,151.20892333984375,151.90851688058316,1926463
2024-12-04,150.39431762695312,150.76808930638893,149.63722524982364,150.25057053740485,1233214
2024-12-05,151.41017150878906,151.8030850622102,151.11306984274802,151.65933798453221,1357790
2024-12-06,150.51890563964844,152.35894147125452,150.51890563964844,152.07143267371814,1645382
2024-12-09,152.74227905273438,152.74227905273438,149.42637181956283,150.46139463298104,1679852
2024-12-10,151.065185546875,151.75520086521718,148.97596843764282,151.70728029135614,2413796
2024-12-11,150.95974731445312,151.53475025918542,149.89597504989857,151.3430826109413,1478648
2024-12-12,150.95974731445312,151.92767844323353,150.57639739466075,151.12266554662583,1065886
2024-12-13,151.6210174560547,151.68809455436676,149.79055992300138,150.46140402264524,1347793
2024-12-16,152.03311157226562,152.3110274938205,151.0651803560784,151.70727507849634,1709323
2024-12-17,154.41940307617188,154.57752486593247,151.4197539048029,152.00434974215233,2381043
2024-12-18,153.0777130126953,154.64941126990823,152.40686887058715,154.3906665015058,1827986
2024-12-19,149.4934844970703,150.8878898180158,149.02388627913186,150.4614157287698,3458022
2024-12-20,144.00210571289062,149.2442973994975,144.00210571289062,149.0909720447124,7340421
2024-12-23,148.23802185058594,148.23802185058594,145.20004486529217,145.66006479320214,1324530
2024-12-24,148.65969848632812,148.99512785362342,147.46175735070904,147.95052669295674,679055
2024-12-27,149.70431518554688,149.70431518554688,148.2763640787691,149.16762526993227,1175643
2024-12-30,148.62136840820312,149.24429193936047,147.65343725061743,148.9472048822453,817557
2024-12-31,146.8675994873047,147.99844902534446,146.8675994873047,147.67261250997433,853239
2025-01-02,147.1742706298828,147.56718422855175,146.1488259466768,146.86759066444733,878386
2025-01-03,148.57345581054688,149.1724264008375,147.2030181191485,148.09427933831435,888021
2025-01-06,149.522216796875,150.22660673148172,148.77470273851324,149.50304564521585,1032059
2025-01-07,150.56683349609375,151.09393054653387,149.4743117112295,149.9822376080248,1035090
2025-01-08,153.09689331054688,154.96567875493452,149.34972953275778,149.98224602879867,2260821
2025-01-09,152.17684936523438,152.65602581148255,151.39100759750582,151.54434756989835,1243612
2025-01-10,149.5509796142578,153.1448031489325,149.09097429634497,152.85729434149746,1887834
2025-01-13,146.39797973632812,147.98884901641864,144.94129389694092,147.23175668037555,1493414
2025-01-14,145.63131713867188,148.0655271376186,144.7112918950188,147.9313583128468,1203687
2025-01-15,144.9700469970703,147.9026045256683,144.9700469970703,147.9026045256683,1189652
2025-01-16,149.26345825195312,149.3113788197125,147.47134307952504,147.8738495267563,2662759
2025-01-17,147.49049377441406,149.1197052739689,147.00173909852975,148.68843480449638,3930360
2025-01-20,148.60220336914062,149.00470984598158,146.96342804366708,148.24761746358425,887899
2025-01-21,149.69471740722656,151.38142784030356,148.28593749928362,148.54469687223147,1191280
2025-01-22,151.18017578125,151.8510199123536,150.17390227294194,150.70099931284668,1263536
2025-01-23,151.27601623535156,151.41976332589581,149.88639278466593,151.39101390778697,1088333
2025-01-24,152.04269409179688,152.818972287459,151.8989469944368,152.0906146653522,1821566
2025-01-28,152.64645385742188,153.69105504383404,152.55061271488827,153.02021091601455,1619685
2025-01-29,152.46435546875,154.08397416823354,152.46435546875,153.98813303135233,1318566
2025-01-30,153.9210662841797,153.9210662841797,152.20562095576886,152.71354684412375,1206445
2025-01-31,153.87313842773438,154.70211894600956,153.18312317371098,153.92105899712857,2896059
2025-02-03,151.5443572998047,152.65603561276419,149.6659790756566,149.9822373052823,1299935
2025-02-04,151.1322479248047,153.03937544151162,151.1322479248047,152.9531271909497,1174484
2025-02-05,151.96603393554688,152.44521040939554,151.08433635515655,151.71685281023008,1594857
2025-02-06,155.8665313720703,155.8665313720703,153.16398351554798,153.3173088818716,2051681
2025-02-07,155.895263671875,156.18756890896285,154.41940664785724,154.90816135990823,1676158
2025-02-10,156.04861450195312,156.05819276717966,153.65273209780221,154.2085785703619,1431527
2025-02-11,155.40650939941406,156.24027174094905,154.87941238102223,155.2723405786693,1530120
2025-02-12,159.0674285888672,159.0674285888672,153.15439226885653,154.52484467799607,2199814
2025-02-13,159.776611328125,160.6295449025069,157.75448593852667,158.8661789141925,1843099
2025-02-14,158.54991149902344,160.92662267719533,158.1282338689773,160.92662267719533,2390053
2025-02-17,158.0994873046875,158.26240555136334,155.27234902732565,158.1186584582098,1976104
2025-02-18,155.82818603515625,158.5594830024381,155.44483610450476,158.1282271258467,2577577
2025-02-19,154.45794677734375,156.19746284299393,152.17421007111673,154.27330234213863,3262757
2025-02-20,151.3384552001953,154.87580766710758,151.3384552001953,154.5551117915845,2747437
2025-02-21,147.45126342773438,151.7174663848149,147.15000769082496,151.60085508755878,3845525
2025-02-24,151.82435607910156,151.82435607910156,144.77880393370484,145.6728584265288,2875480
2025-02-25,149.91964721679688,152.04302865247377,148.67574392960177,151.542552055114,1762476
2025-02-26,151.853515625,152.18393900989793,149.12275904512913,150.14315236671874,1504902
2025-02-27,151.88267517089844,151.88267517089844,150.43470209202655,151.50367361507665,1580374
2025-02-28,152.3199920654297,153.23347193770198,150.29864555975954,151.5036685024788,5342538
2025-03-03,152.69898986816406,153.93316560484777,150.9108659998536,153.93316560484777,1846285
2025-03-04,153.31121826171875,153.31121826171875,151.29473549611765,152.88363856258496,1467357
2025-03-05,151.9798583984375,152.55321705460582,150.0459703349837,151.95070557378466,1730411
2025-03-06,149.25880432128906,152.45603560802957,149.25880432128906,152.02844110403421,2374229
2025-03-07,144.31236267089844,146.70299823362197,143.06845931698464,146.62525242044015,2627604
2025-03-10,143.96249389648438,145.36188868206554,143.253083839084,144.99259982795508,1456710
2025-03-11,142.77691650390625,143.95280154139667,140.32797528363136,141.58160613445563,2523185
2025-03-12,140.71669006347656,141.72735587720956,138.94800635382356,141.63989740677516,2922633
2025-03-13,139.93923950195312,141.46497305031193,139.61854363200837,140.9207524407571,2669521
2025-03-14,138.34548950195312,139.9683942024277,137.4222821946586,138.54957408683714,2741381
2025-03-17,140.5806427001953,140.5806427001953,139.24441721409434,139.8323522759997,1734195
2025-03-18,140.13360595703125,142.36874970305146,139.49221417427393,141.29005073332195,1552183
2025-03-19,138.7439422607422,140.3959999155156,138.52041750027817,138.86055355942128,1612901
2025-03-20,141.8148193359375,141.88285247877698,139.62826852718922,139.8517932863789,3402826
2025-03-21,141.494140625,142.8060622350197,141.1054115776447,141.59131176546612,6482426
2025-03-24,143.46688842773438,143.6806856880517,142.16466470712066,142.61169938646503,1308316
2025-03-25,144.43869018554688,145.54654198695783,143.72926525637843,144.2637584124312,1599602
2025-03-26,145.99356079101562,146.90705548232907,145.17725206501075,145.67286489969305,2043159
2025-03-27,145.80892944335938,145.80892944335938,144.19575200529496,145.02177347058446,1722640
2025-03-28,146.1879119873047,146.1879119873047,144.41924315241306,145.3813307875135,1796660
2025-03-31,146.67381286621094,146.83903196708124,143.76813944548408,145.2841455482104,2709628
2025-04-01,148.90896606445312,148.90896606445312,146.16849674068072,146.75156806370833,2083216
2025-04-02,150.45413208007812,150.47355740988607,148.89924564267378,150.18201434931075,2165184
2025-04-03,151.96041870117188,151.96041870117188,147.23746832259377,147.5387388924171,2343479
2025-04-04,149.65725708007812,151.79521492980842,148.93811946753834,149.35600133773616,3504025
2025-04-07,140.3376922607422,142.67000717197612,136.25613375183454,140.0169963654606,3802825
2025-04-08,144.2734832763672,144.2734832763672,140.1627572107873,142.3881882667436,3194841
2025-04-09,144.93429565429688,145.98384175413497,140.92075568387372,140.92075568387372,2725662
2025-04-10,150.17230224609375,153.00024473580842,149.1227561211946,152.59209038087477,2783794
2025-04-11,150.3180694580078,151.11495285440384,145.07035355394797,146.49890123988024,4265891
2025-04-14,152.85446166992188,153.1848850394331,150.53185956114322,151.00804704330963,1938840
2025-04-15,153.58331298828125,155.94479542964925,152.9516487242649,153.43754887458388,1866228
2025-04-16,154.82723999023438,155.488057115296,153.34037180185243,153.62220220933204,2008112
2025-04-17,156.7028045654297,156.7028045654297,154.5648467866704,155.21595123397228,1964171
2025-04-22,163.262451171875,163.262451171875,154.81750415238952,155.29369163989932,5974009
2025-04-23,159.15174865722656,163.94271730074294,159.15174865722656,163.6706143869954,2891637
2025-04-24,160.074951171875,161.29941424657076,158.7921676215779,160.3664942358967,1863637
2025-04-28,158.2576904296875,161.84362120862124,157.91755438116033,161.82419587844552,2730886
2025-04-29,158.38401794433594,159.32666547638465,157.88840510079868,158.16050801432854,1617274
2025-04-30,161.90194702148438,161.90194702148438,158.64640986168357,159.05456423627257,3925047
2025-05-01,162.5336151123047,163.5345683270155,161.2605589748665,161.8727979652517,1809325
2025-05-02,164.8756561279297,164.96311460334255,162.79600390662978,162.90290254163338,2436302
2025-05-05,162.22262573242188,164.7104470908706,160.80380552166633,164.50636249229794,1826786
2025-05-06,162.03799438476562,162.29065713546032,160.97872074218827,161.39660260012167,1208101
2025-05-07,161.27999877929688,163.3790763459266,161.27999877929688,162.38785062753095,3183649
2025-05-08,160.84266662597656,161.3188541239988,159.47243943590573,160.24986783394732,2728312
2025-05-09,162.32952880859375,162.91261496748226,160.43452103495162,160.92042122452636,1823621
2025-05-12,162.465576171875,164.04961549506527,162.2809465604296,163.5540026524551,1165001
2025-05-13,161.4549102783203,163.2624595305484,160.59000855609,162.8640178264263,1415682
2025-05-14,162.7765655517578,163.07782130051794,161.65900103309983,162.55305561372563,1954555
2025-05-15,164.95339965820312,164.95339965820312,161.92137242931906,164.20510922351897,2752729
2025-05-16,164.8756561279297,168.0437200303594,164.0204670479008,167.83965025439608,3762751
2025-05-19,166.52769470214844,166.79979759121034,164.71043294409324,164.87563721041687,1535720
2025-05-20,167.56752014160156,168.64621907759243,166.48883603410664,168.12145343533825,1796398
2025-05-21,170.04562377929688,171.48389899655228,167.8979532758021,168.21864917579163,2582355
2025-05-22,167.849365234375,169.03496290130946,167.13022760457136,168.58792819554023,1853995
2025-05-23,168.93777465820312,169.72493059417906,167.43148110209634,167.84936297670524,1672870
2025-05-26,168.97665405273438,169.20987665263797,167.7813289142407,168.6073651648911,765883
2025-05-27,170.39547729492188,170.55096891659116,168.49075682921352,169.48198255323643,1236086
2025-05-28,168.88917541503906,171.65881232939293,168.88917541503906,170.97855505366462,1440731
2025-05-29,169.52085876464844,170.32745485045098,167.6987330725184,169.56945174880462,1156865
2025-05-30,170.98826599121094,171.4838936523382,169.0543928146441,169.33620838727822,5011347
2025-06-02,171.4450225830078,171.4450225830078,170.25942492398028,170.93968222952955,1055676
2025-06-03,173.60240173339844,173.60240173339844,171.73654697191466,172.80553321320536,1701236
2025-06-04,175.99305725097656,176.2748728406436,173.27201318260003,173.9911359837836,2142069
2025-06-05,176.2262725830078,176.86766437529587,174.54506212306782,176.09022112662822,1689652
2025-06-06,174.82687377929688,175.89586007579692,173.95225941197594,175.6043170105245,1820710
2025-06-10,176.86766052246094,177.11061060559618,173.51495234089376,174.92405985737895,2839373
2025-06-11,176.28457641601562,178.02410733519895,176.00276084088068,177.49932684564223,1412451
2025-06-12,175.43911743164062,177.64510839613106,175.43911743164062,176.87737780940466,1817457
2025-06-13,174.2924041748047,176.36232890190038,173.7773511594173,175.43912150612093,1725793
2025-06-16,174.35069274902344,174.6130681495444,173.20396070152208,173.46635093053862,1159837
2025-06-17,174.0883026123047,174.42843864374703,172.99989103728205,173.95225116542684,1402425
2025-06-18,175.09896850585938,176.1873949101286,173.27199405059585,173.87450548311404,1798143
2025-06-19,177.69369506835938,178.14071491317378,175.07954982580588,175.77924724494645,2085226
2025-06-20,177.38270568847656,177.83945301090444,175.05039092464983,177.36326553070424,6388012
2025-06-23,179.15139770507812,179.20970335262408,175.73065637358545,176.86766098622016,1407371
2025-06-24,182.82481384277344,183.28156121666763,179.73448086256377,179.9677182966259,2243842
2025-06-25,186.00257873535156,186.5856648694672,183.689704014618,184.48657258084657,2247175
2025-06-26,185.33206176757812,186.46906646204212,184.89473972251727,185.118264492192,1926397
2025-06-27,180.13290405273438,185.67216279247162,180.13290405273438,185.1279569974793,2059721
2025-06-30,179.5401153564453,181.56146187167766,178.23790644125128,180.1329141653764,2762322
2025-07-01,177.43130493164062,179.11251534014664,176.28457283852651,179.01534420484637,2968299
